{
  "pools": [
    {
      "rolls": 1,
      "entries": [
        {
          "type": "loot_table",
          "name": "loot_tables/equipment/trial_chamber.json",
          "weight": 1
        }
      ]
    },
    {
      "rolls": 1,
      "entries": [
        {
          "type": "item",
          "name": "minecraft:bow",
          "weight": 2
        },
        {
          "type": "item",
          "name": "minecraft:bow",
          "functions": [
            {
              "function": "specific_enchants",
              "enchants": [
                {
                  "id": "power",
                  "level": 1
                }
              ]
            }
          ],
          "weight": 1
        },
        {
          "type": "item",
          "name": "minecraft:bow",
          "functions": [
            {
              "function": "specific_enchants",
              "enchants": [
                {
                  "id": "punch",
                  "level": 1
                }
              ]
            }
          ],
          "weight": 1
        }
      ]
    }
  ]
}