{
  "format_version": "1.20.10",
  "minecraft:recipe_shaped": {
    "description": {
      "identifier": "minecraft:crafter"
    },

    "tags": [ "crafting_table" ],
    "pattern": [
      "###",
      "#C#",
      "RDR"
    ],
    "key": {
      "R": {
        "item": "minecraft:redstone"
      },
      "#": {
        "item": "minecraft:iron_ingot"
      },
      "D": {
        "item": "minecraft:dropper"
      },
      "C": {
        "item": "minecraft:crafting_table"
      }
    },
    "unlock": [
      {
        "item": "minecraft:dropper"
      }
    ],
    "result": {
      "item": "minecraft:crafter"
    }
  }
}
