{
  "format_version": "1.20.10",
  "minecraft:recipe_shaped": {
    "description": {
      "identifier": "minecraft:crafting_table_waxed_copper_door"
    },
    "tags": [
      "crafting_table"
    ],
    "pattern": [
      "##",
      "##",
      "##"
    ],
    "key": {
      "#": {
        "item": "minecraft:waxed_copper"
      }
    },
    "unlock": [
      {
        "item": "minecraft:waxed_copper"
      }
    ],
    "result": {
      "item": "minecraft:waxed_copper_door",
      "count": 3
    }
  }
}
