{
    "format_version": "1.16",
    "minecraft:recipe_shaped": {
        "description": {
            "identifier": "minecraft:grindstone_from_mangrove_planks"
        },
        "tags": [ "crafting_table" ],
        "pattern": [
          "|_|",
          "# #"
        ],
        "key": {
          "|": {
              "item": "minecraft:stick"
          },
          "#": {
            "item": "minecraft:mangrove_planks"
          },
          "_": {
            "item": "minecraft:double_stone_slab4",
            "data": 2
          }
        },
        "result": {
          "item": "minecraft:grindstone"
        },
        "priority": 2
    }
}