{
  "format_version": "1.20.10",
  "minecraft:recipe_shaped": {
    "description": {
      "identifier": "minecraft:polished_tuff_wall"
    },
    "tags": [
      "crafting_table"
    ],
    "pattern": [
      "###",
      "###"
    ],
    "key": {
      "#": {
        "item": "minecraft:polished_tuff"
      }
    },
    "unlock": [
      {
        "item": "minecraft:polished_tuff"
      }
    ],
    "result": {
      "item": "minecraft:polished_tuff_wall",
      "count": 6
    }
  }
}
