{
  "format_version": "1.20.10",
  "minecraft:recipe_shapeless": {
    "description": {
      "identifier": "minecraft:stonecutter_weathered_cut_copper_to_weathered_chiseled_copper"
    },
    "tags": [ "stonecutter" ],
    "priority": 0,
    "ingredients": [
      {
        "item": "minecraft:weathered_cut_copper"
      }
    ],
    "unlock": [
      {
        "item": "minecraft:weathered_cut_copper"
      }
    ],
    "result": {
      "item": "minecraft:weathered_chiseled_copper",
      "count": 1
    }
  }
}
