{
  "format_version": "1.20.10",
  "minecraft:recipe_shapeless": {
    "description": {
      "identifier": "minecraft:stonecutter_waxed_oxidized_copper_to_waxed_oxidized_chiseled_copper"
    },
    "tags": [
      "stonecutter"
    ],
    "priority": 0,
    "ingredients": [
      {
        "item": "minecraft:waxed_oxidized_copper"
      }
    ],
    "unlock": [
      {
        "item": "minecraft:waxed_oxidized_copper"
      }
    ],
    "result": {
      "item": "minecraft:waxed_oxidized_chiseled_copper",
      "count": 4
    }
  }
}
