{
  "format_version": "1.20.10",
  "minecraft:recipe_shapeless": {
    "description": {
      "identifier": "minecraft:stonecutter_exposed_copper_to_exposed_copper_grate"
    },
    "tags": [ "stonecutter" ],
    "priority": 0,
    "ingredients": [
      {
        "item": "minecraft:exposed_copper"
      }
    ],
    "unlock": [
      {
        "item": "minecraft:exposed_copper"
      }
    ],
    "result": {
      "item": "minecraft:exposed_copper_grate",
      "count": 4
    }
  }
}
