{
  "format_version": "1.20.10",
  "minecraft:recipe_shapeless": {
    "description": {
    "identifier": "minecraft:stonecutter_sanddouble_stone_slab"
    },

    
    "tags": [ "stonecutter" ],
    "priority": 2,
    "ingredients": [
      {
        "item": "minecraft:sandstone",
        "data": 0
      }
    ],
    "unlock": [
      {
        "item": "minecraft:sandstone",
        "data": 0
      }
    ],
    "result": {
      "item": "minecraft:sandstone_slab",
      "count": 2
    }
  }
  
}
