{
  "format_version": "1.20.10",
  "minecraft:recipe_shapeless": {
    "description": {
      "identifier": "minecraft:stonecutter_polished_tuff_to_tuff_brick_wall"
    },
    "tags": [ "stonecutter" ],
    "priority": 0,
    "ingredients": [
      {
        "item": "minecraft:polished_tuff"
      }
    ],
    "unlock": [
      {
        "item": "minecraft:polished_tuff"
      }
    ],
    "result": {
      "item": "minecraft:tuff_brick_wall",
      "count": 1
    }
  }
}
