{
  "format_version": "1.20.10",
  "minecraft:recipe_shapeless": {
    "description": {
    "identifier": "minecraft:stonecutter_smooth_double_stone_slab"
    },

    
    "tags": [ "stonecutter" ],
    "priority": 0,
    "ingredients": [
      {
        "item": "minecraft:smooth_stone"
      }
    ],
    "unlock": [
      {
        "item": "minecraft:smooth_stone"
      }
    ],
    "result": {
      "item": "minecraft:smooth_stone_slab",
      "count": 2
    }
  }
  
}
