{
  "format_version": "1.20.10",
  "minecraft:recipe_shapeless": {
    "description": {
      "identifier": "minecraft:stonecutter_tuff_bricks_to_chiseled_tuff_bricks"
    },
    "tags": [ "stonecutter" ],
    "priority": 0,
    "ingredients": [
      {
        "item": "minecraft:tuff_bricks"
      }
    ],
    "unlock": [
      {
        "item": "minecraft:tuff_bricks"
      }
    ],
    "result": {
      "item": "minecraft:chiseled_tuff_bricks",
      "count": 1
    }
  }
}
