{
  "format_version": "1.20.10",
  "minecraft:recipe_shapeless": {
    "description": {
    "identifier": "minecraft:stonecutter_stonebrick_slab2"
    },

    
    "tags": [ "stonecutter" ],
    "priority": 0,
    "ingredients": [
      {
        "item": "minecraft:stonebrick",
        "data": 0
      }
    ],
    "unlock": [
      {
        "item": "minecraft:stonebrick",
        "data": 0
      }
    ],
    "result": {
      "item": "minecraft:stone_brick_slab",
      "count": 2
    }
  }
  
}
