{
  "format_version": "1.20.10",
  "minecraft:recipe_shapeless": {
    "description": {
      "identifier": "minecraft:stonecutter_weathered_copper_to_weathered_copper_grate"
    },
    "tags": [ "stonecutter" ],
    "priority": 0,
    "ingredients": [
      {
        "item": "minecraft:weathered_copper"
      }
    ],
    "unlock": [
      {
        "item": "minecraft:weathered_copper"
      }
    ],
    "result": {
      "item": "minecraft:weathered_copper_grate",
      "count": 4
    }
  }
}
