{
  "format_version": "1.20.10",
  "minecraft:recipe_shaped": {
    "description": {
      "identifier": "minecraft:tuff_bricks"
    },
    "tags": [
      "crafting_table"
    ],
    "pattern": [
      "##",
      "##"
    ],
    "key": {
      "#": {
        "item": "minecraft:polished_tuff"
      }
    },
    "unlock": [
      {
        "item": "minecraft:polished_tuff"
      }
    ],
    "result": {
      "item": "minecraft:tuff_bricks",
      "count": 4
    }
  }
}
